{"cameraMode":{"drawMode":0,"name":"Shaded","section":"Shading Mode"},"sceneLighting":false,"audioPlay":false,"sceneViewState":{"showFog":true,"showMaterialUpdate":true,"showSkybox":false,"showFlares":true,"showImageEffects":true,"showParticleSystems":true},"in2DMode":false,"pivot":{"x":-4.783319473266602,"y":0.2333487719297409,"z":0.05957675725221634},"rotation":{"x":0.25405532121658327,"y":-0.43870043754577639,"z":0.13082905113697053,"w":0.851986825466156},"size":20.798084259033204,"orthographic":false}