{"cameraMode":{"drawMode":0,"name":"Shaded","section":"Shading Mode"},"sceneLighting":false,"audioPlay":false,"sceneViewState":{"showFog":true,"showMaterialUpdate":true,"showSkybox":false,"showFlares":true,"showImageEffects":true,"showParticleSystems":true},"in2DMode":false,"pivot":{"x":-20.90296173095703,"y":-16.774024963378908,"z":14.916128158569336},"rotation":{"x":0.25405532121658327,"y":-0.43870043754577639,"z":0.13082905113697053,"w":0.851986825466156},"size":33.426788330078128,"orthographic":false}